{
  "project_info": {
    "project_number": "876588773600",
    "project_id": "if570-lab-uts-dafataufik-67476",
    "storage_bucket": "if570-lab-uts-dafataufik-67476.appspot.com"
  },
  "client": [
    {
      "client_info": {
        "mobilesdk_app_id": "1:876588773600:android:dc99672616b8232e1ba085",
        "android_client_info": {
          "package_name": "com.example.if570_lab_uts_dafataufikallatief_67476"
        }
      },
      "oauth_client": [],
      "api_key": [
        {
          "current_key": "AIzaSyB_lvttW1KvwglUbr6JfGuS8VvZD5qzg3M"
        }
      ],
      "services": {
        "appinvite_service": {
          "other_platform_oauth_client": []
        }
      }
    }
  ],
  "configuration_version": "1"
}